celltype,marker_gene,CL_ID,general_celltype,general_CL_ID,color,reference
astrocyte,Clu,CL:0000127,glial,CL:0000125,#16ffce,https://www.nature.com/articles/s41467-024-45821-y
astrocyte,Slc1a3,CL:0000127,glial,CL:0000125,#16ffce,https://www.nature.com/articles/s41467-024-45821-y
astrocyte,Gfap,CL:0000127,glial,CL:0000125,#16ffce,https://www.science.org/doi/10.1126/science.aaa1934
astrocyte,Aqp4,CL:0000127,glial,CL:0000125,#16ffce,https://www.nature.com/articles/nn.4216
astrocyte,Aldh1l1,CL:0000127,glial,CL:0000125,#16ffce,https://link.springer.com/article/10.1186/s40478-020-0880-6
astrocyte,Ndrg2,CL:0000127,glial,CL:0000125,#16ffce,https://link.springer.com/article/10.1007/s11033-025-10309-5
astrocyte,Sox9,CL:0000127,glial,CL:0000125,#16ffce,https://www.nature.com/articles/nn.4216
astrocyte,Fgfr3,CL:0000127,glial,CL:0000125,#16ffce,
astrocyte,Gja1,CL:0000127,glial,CL:0000125,#16ffce,https://www.nature.com/articles/nn.4216
astrocyte,Cxcl14,CL:0000127,glial,CL:0000125,#16ffce,https://www.nature.com/articles/nn.4216
GABAergic interneuron,Dlx6os1,CL:0011005,neuron,CL:0000540,#954b03,https://www.nature.com/articles/s41598-021-82931-9
GABAergic interneuron,Gad1,CL:0011005,neuron,CL:0000540,#954b03,https://www.nature.com/articles/nn.4216
GABAergic interneuron,Gad2,CL:0011005,neuron,CL:0000540,#954b03,https://www.nature.com/articles/nn.4216
GABAergic interneuron,Cacna2d2,CL:0011005,neuron,CL:0000540,#954b03,
GABAergic interneuron,Slc32a1,CL:0011005,neuron,CL:0000540,#954b03,
GABAergic interneuron,Elfn1,CL:0011005,neuron,CL:0000540,#954b03,
GABAergic interneuron,Pde11a,CL:0011005,neuron,CL:0000540,#954b03,
GABAergic interneuron,Nos1,CL:0011005,neuron,CL:0000540,#954b03,
GABAergic interneuron,Dlx1,CL:0011005,neuron,CL:0000540,#954b03,
GABAergic interneuron,Lhx6,CL:0011005,neuron,CL:0000540,#954b03,https://www.science.org/doi/10.1126/science.aaa1934
GABAergic interneuron,Tacr1,CL:0011005,neuron,CL:0000540,#954b03,https://www.nature.com/articles/nn.4216
Pvalb+ interneuron,Pvalb,CL:4023018,neuron,CL:0000540,#e5bc9c,
Pvalb+ interneuron,Adamts8,CL:4023018,neuron,CL:0000540,#e5bc9c,
Pvalb+ interneuron,Adamts15,CL:4023018,neuron,CL:0000540,#e5bc9c,
Sst+ interneuron,Sst,CL:4023017,neuron,CL:0000540,#603004,
Sst+ interneuron,Crhbp,CL:4023017,neuron,CL:0000540,#603004,
Vip+ interneuron,Vip,CL:4023016,neuron,CL:0000540,#bd997a,
Vip+ interneuron,Npas1,CL:4023016,neuron,CL:0000540,#bd997a,
Vip+ interneuron,Igf1,CL:4023016,neuron,CL:0000540,#bd997a,
Lamp5+ interneuron,Lamp5,CL:4023011,neuron,CL:0000540,#3e1c01,
Lamp5+ interneuron,Hcrtr2,CL:4023011,neuron,CL:0000540,#3e1c01,
Lamp5+ interneuron,Hapln1,CL:4023011,neuron,CL:0000540,#3e1c01,
medium spiny neuron,Pde1b,CL:1001474,neuron,CL:0000540,#3282fd,
medium spiny neuron,Ppp1r1b,CL:1001474,neuron,CL:0000540,#3282fd,
medium spiny neuron,Drd2,CL:1001474,neuron,CL:0000540,#3282fd,
medium spiny neuron,Adora2a,CL:1001474,neuron,CL:0000540,#3282fd,
medium spiny neuron,Penk,CL:1001474,neuron,CL:0000540,#3282fd,
medium spiny neuron,Drd1,CL:1001474,neuron,CL:0000540,#3282fd,
medium spiny neuron,Gpr88,CL:1001474,neuron,CL:0000540,#3282fd,
medium spiny neuron,Htr1b,CL:1001474,neuron,CL:0000540,#3282fd,
medium spiny neuron,Htr1d,CL:1001474,neuron,CL:0000540,#3282fd,
medium spiny neuron,Rasd2,CL:1001474,neuron,CL:0000540,#3282fd,
medium spiny neuron,Pde2a,CL:1001474,neuron,CL:0000540,#3282fd,
medium spiny neuron,Syndig1l,CL:1001474,neuron,CL:0000540,#3282fd,
neuroblast,Igfbpl1,CL:0000031,neuron,CL:0000540,#fdb363,https://www.nature.com/articles/s41467-022-35341-y
neuroblast,Dlx2,CL:0000031,neuron,CL:0000540,#fdb363,https://www.nature.com/articles/s41467-022-35341-y
neuroblast,Pax6,CL:0000031,neuron,CL:0000540,#fdb363,https://www.nature.com/articles/s41467-022-35341-y
neuroblast,Top2a,CL:0000031,neuron,CL:0000540,#fdb363,https://pmc.ncbi.nlm.nih.gov/articles/PMC9458435/
glutamatergic neuron,Sv2b,CL:0000679,neuron,CL:0000540,#a777f1,
glutamatergic neuron,Satb2,CL:0000679,neuron,CL:0000540,#a777f1,
glutamatergic neuron,Slc17a7,CL:0000679,neuron,CL:0000540,#a777f1,https://www.nature.com/articles/nn.4216
glutamatergic neuron,Nrgn,CL:0000679,neuron,CL:0000540,#a777f1,
glutamatergic neuron,Stx1a,CL:0000679,neuron,CL:0000540,#a777f1,
glutamatergic neuron,Ntng2,CL:0000679,neuron,CL:0000540,#a777f1,
glutamatergic neuron,Bdnf,CL:0000679,neuron,CL:0000540,#a777f1,
glutamatergic neuron,Emx1,CL:0000679,neuron,CL:0000540,#a777f1,
glutamatergic neuron,Nrn1,CL:0000679,neuron,CL:0000540,#a777f1,
glutamatergic neuron,Nptx1,CL:0000679,neuron,CL:0000540,#a777f1,
glutamatergic neuron,Rtn4r,CL:0000679,neuron,CL:0000540,#a777f1,
glutamatergic neuron,Tbr1,CL:0000679,neuron,CL:0000540,#a777f1,
glutamatergic neuron,Neurod6,CL:0000679,neuron,CL:0000540,#a777f1,https://www.nature.com/articles/s41586-023-06812-z
glutamatergic neuron,Neurod2,CL:0000679,neuron,CL:0000540,#a777f1,https://www.nature.com/articles/s41586-023-06812-z
oligodendrocyte precursor cell,Pdgfra,CL:0002453,progenitor,CL:0011026,#f1f79c,https://www.nature.com/articles/nn.4216
oligodendrocyte precursor cell,Olig1,CL:0002453,progenitor,CL:0011026,#f1f79c,https://www.nature.com/articles/s41586-023-06812-z
oligodendrocyte precursor cell,Nkx2-2,CL:0002453,progenitor,CL:0011026,#f1f79c,https://pubmed.ncbi.nlm.nih.gov/11526078/
oligodendrocyte precursor cell,Cspg4,CL:0002453,progenitor,CL:0011026,#f1f79c,https://www.nature.com/articles/nn.4216
oligodendrocyte precursor cell,C1ql1,CL:0002453,progenitor,CL:0011026,#f1f79c,https://pubmed.ncbi.nlm.nih.gov/39257292/
committed oligodendrocyte precursor,Gpr17,CL:4023059,glial,CL:0000125,#f7e95e,https://www.nature.com/articles/s41586-023-06812-z
committed oligodendrocyte precursor,Bmp4,CL:4023059,glial,CL:0000125,#f7e95e,https://www.nature.com/articles/s41586-023-06812-z
oligodendrocyte,Plp1,CL:0000128,glial,CL:0000125,#e9bc00,https://www.science.org/doi/10.1126/science.aaa1934
oligodendrocyte,Mog,CL:0000128,glial,CL:0000125,#e9bc00,https://www.nature.com/articles/nn.4216
oligodendrocyte,Mobp,CL:0000128,glial,CL:0000125,#e9bc00,
oligodendrocyte,Mag,CL:0000128,glial,CL:0000125,#e9bc00,
oligodendrocyte,Opalin,CL:0000128,glial,CL:0000125,#e9bc00,https://www.nature.com/articles/nn.4216 
oligodendrocyte,Ermn,CL:0000128,glial,CL:0000125,#e9bc00,
oligodendrocyte,Ugt8a,CL:0000128,glial,CL:0000125,#e9bc00,
oligodendrocyte,Fa2h,CL:0000128,glial,CL:0000125,#e9bc00,
oligodendrocyte,Mal,CL:0000128,glial,CL:0000125,#e9bc00,
oligodendrocyte,Enpp6,CL:0000128,glial,CL:0000125,#e9bc00,
oligodendrocyte,Cldn11,CL:0000128,glial,CL:0000125,#e9bc00,
oligodendrocyte,Myrf,CL:0000128,glial,CL:0000125,#e9bc00,
oligodendrocyte,Car2,CL:0000128,glial,CL:0000125,#e9bc00,
microglial cell,Cx3cr1,CL:0000129,immune,CL:0000738,#f980bf,https://www.science.org/doi/10.1126/science.aaa1934
microglial cell,P2ry12,CL:0000129,immune,CL:0000738,#f980bf,https://www.frontiersin.org/journals/immunology/articles/10.3389/fimmu.2021.639613/full
microglial cell,Siglech,CL:0000129,immune,CL:0000738,#f980bf,https://www.frontiersin.org/journals/immunology/articles/10.3389/fimmu.2021.639613/full
microglial cell,Inpp5d,CL:0000129,immune,CL:0000738,#f980bf,
microglial cell,Fcrls,CL:0000129,immune,CL:0000738,#f980bf,
microglial cell,Csf1r,CL:0000129,immune,CL:0000738,#f980bf,
microglial cell,Csf3r,CL:0000129,immune,CL:0000738,#f980bf,
microglial cell,Ctss,CL:0000129,immune,CL:0000738,#f980bf,
microglial cell,Il10ra,CL:0000129,immune,CL:0000738,#f980bf,
microglial cell,Cd33,CL:0000129,immune,CL:0000738,#f980bf,
microglial cell,Ly86,CL:0000129,immune,CL:0000738,#f980bf,
microglial cell,C1qa,CL:0000129,immune,CL:0000738,#f980bf,https://www.nature.com/articles/s41586-023-06812-z
microglial cell,Tmem119,CL:0000129,immune,CL:0000738,#f980bf,https://www.nature.com/articles/s41467-024-45821-y
microglial cell,Trem2,CL:0000129,immune,CL:0000738,#f980bf,https://www.nature.com/articles/s41467-024-45821-y
endothelial cell,Flt1,CL:0000115,endothelial,CL:0000115,#2ca128,https://www.nature.com/articles/nn.4216
endothelial cell,Ly6c1,CL:0000115,endothelial,CL:0000115,#2ca128,
endothelial cell,Tek,CL:0000115,endothelial,CL:0000115,#2ca128,
endothelial cell,Cldn5,CL:0000115,endothelial,CL:0000115,#2ca128,
endothelial cell,Pecam1,CL:0000115,endothelial,CL:0000115,#2ca128,
endothelial cell,Kdr,CL:0000115,endothelial,CL:0000115,#2ca128,
endothelial cell,Nos3,CL:0000115,endothelial,CL:0000115,#2ca128,
endothelial cell,Tie1,CL:0000115,endothelial,CL:0000115,#2ca128,
endothelial cell,Vwf,CL:0000115,endothelial,CL:0000115,#2ca128,
endothelial cell,Ocln,CL:0000115,endothelial,CL:0000115,#2ca128,
endothelial cell,Cxcl12,CL:0000115,endothelial,CL:0000115,#2ca128,
endothelial cell,Eng,CL:0000115,endothelial,CL:0000115,#2ca128,
endothelial cell,Thsd1,CL:0000115,endothelial,CL:0000115,#2ca128,
smooth muscle cell,Myh11,CL:0000192,muscle,CL:0000187,#44aeac,https://www.nature.com/articles/s41586-023-06812-z
smooth muscle cell,Acta2,CL:0000192,muscle,CL:0000187,#44aeac,https://www.nature.com/articles/s41586-023-06812-z
smooth muscle cell,Bgn,CL:0000192,muscle,CL:0000187,#44aeac,https://www.nature.com/articles/s41586-023-06812-z
smooth muscle cell,Myl9,CL:0000192,muscle,CL:0000187,#44aeac,https://www.nature.com/articles/s41586-023-06812-z
pericyte,Vtn,CL:0000669,pericyte,CL:0000669,#ff7e00,https://www.nature.com/articles/s41586-023-06812-z
pericyte,Rgs5,CL:0000669,pericyte,CL:0000669,#ff7e00,
pericyte,Pdgfrb,CL:0000669,pericyte,CL:0000669,#ff7e00,
pericyte,Mylk,CL:0000669,pericyte,CL:0000669,#ff7e00,
pericyte,Notch3,CL:0000669,pericyte,CL:0000669,#ff7e00,
pericyte,Ednra,CL:0000669,pericyte,CL:0000669,#ff7e00,
pericyte,Carmn,CL:0000669,pericyte,CL:0000669,#ff7e00,
pericyte,Slc38a11,CL:0000669,pericyte,CL:0000669,#ff7e00,
pericyte,Abcc9,CL:0000669,pericyte,CL:0000669,#ff7e00,https://www.nature.com/articles/s41586-023-06812-z
vascular leptomeningeal cell,Apod,CL:4023051,stromal,CL:0000499,#e41b1d,https://www.nature.com/articles/s41586-023-06812-z
vascular leptomeningeal cell,Slc13a3,CL:4023051,stromal,CL:0000499,#e41b1d,https://www.nature.com/articles/s41586-023-06812-z
vascular leptomeningeal cell,Slc6a13,CL:4023051,stromal,CL:0000499,#e41b1d,https://www.nature.com/articles/s41586-023-06812-z
vascular leptomeningeal cell,Fmod,CL:4023051,stromal,CL:0000499,#e41b1d,
vascular leptomeningeal cell,Dcn,CL:4023051,stromal,CL:0000499,#e41b1d,
vascular leptomeningeal cell,Col1a1,CL:4023051,stromal,CL:0000499,#e41b1d,
vascular leptomeningeal cell,Col4a6,CL:4023051,stromal,CL:0000499,#e41b1d,
vascular leptomeningeal cell,Col13a1,CL:4023051,stromal,CL:0000499,#e41b1d,
vascular leptomeningeal cell,Svep1,CL:4023051,stromal,CL:0000499,#e41b1d,
vascular leptomeningeal cell,Aldh1a2,CL:4023051,stromal,CL:0000499,#e41b1d,
vascular leptomeningeal cell,Musk,CL:4023051,stromal,CL:0000499,#e41b1d,
vascular leptomeningeal cell,Ptgds,CL:4023051,stromal,CL:0000499,#e41b1d,https://www.nature.com/articles/s41467-024-45821-y
vascular leptomeningeal cell,Igfbp2,CL:4023051,stromal,CL:0000499,#e41b1d,
vascular leptomeningeal cell,Angpt2,CL:4023051,stromal,CL:0000499,#e41b1d,
vascular leptomeningeal cell,Wnt5a,CL:4023051,stromal,CL:0000499,#e41b1d,
barrier cell,Bnc2,CL:4023097,stromal,CL:0000499,#ed6357,
barrier cell,Slc47a1,CL:4023097,stromal,CL:0000499,#ed6357,
barrier cell,Prg4,CL:4023097,stromal,CL:0000499,#ed6357,
barrier cell,Slc26a7,CL:4023097,stromal,CL:0000499,#ed6357,
barrier cell,Mgp,CL:4023097,stromal,CL:0000499,#ed6357,
barrier cell,Dapl1,CL:4023097,stromal,CL:0000499,#ed6357,
barrier cell,Slc12a7,CL:4023097,stromal,CL:0000499,#ed6357,
barrier cell,Dpp4,CL:4023097,stromal,CL:0000499,#ed6357,
barrier cell,Tspan11,CL:4023097,stromal,CL:0000499,#ed6357,
barrier cell,Slc9a2,CL:4023097,stromal,CL:0000499,#ed6357,
epithelial cell,Ttr,CL:0000706,epithelial,CL:0000066,#1516a6,
epithelial cell,Kl,CL:0000706,epithelial,CL:0000066,#1516a6,
epithelial cell,Clic6,CL:0000706,epithelial,CL:0000066,#1516a6,
epithelial cell,Otx2,CL:0000706,epithelial,CL:0000066,#1516a6,
epithelial cell,Aqp1,CL:0000706,epithelial,CL:0000066,#1516a6,
epithelial cell,Folr1,CL:0000706,epithelial,CL:0000066,#1516a6,
epithelial cell,Slc4a5,CL:0000706,epithelial,CL:0000066,#1516a6,
epithelial cell,Oca2,CL:0000706,epithelial,CL:0000066,#1516a6,
epithelial cell,Acad8,CL:0000706,epithelial,CL:0000066,#1516a6,
epithelial cell,Lmx1a,CL:0000706,epithelial,CL:0000066,#1516a6,
ependymal cell,Hydin,CL:0000065,glial,CL:0000125,#b10da1,
ependymal cell,Cfap43,CL:0000065,glial,CL:0000125,#b10da1,
ependymal cell,Tmem212,CL:0000065,glial,CL:0000125,#b10da1,https://www.nature.com/articles/s41586-023-06812-z
ependymal cell,Foxj1,CL:0000065,glial,CL:0000125,#b10da1,https://www.science.org/doi/10.1126/science.aaa1934
ependymal cell,Dynlrb2,CL:0000065,glial,CL:0000125,#b10da1,
ependymal cell,Ccdc153,CL:0000065,glial,CL:0000125,#b10da1,https://www.nature.com/articles/s41586-023-06812-z
ependymal cell,Dnaaf1,CL:0000065,glial,CL:0000125,#b10da1,
ependymal cell,Cfap52,CL:0000065,glial,CL:0000125,#b10da1,
ependymal cell,Dnah5,CL:0000065,glial,CL:0000125,#b10da1,
ependymal cell,Rsph1,CL:0000065,glial,CL:0000125,#b10da1,
ependymal cell,Cfap45,CL:0000065,glial,CL:0000125,#b10da1,
ependymal cell,Wdr49,CL:0000065,glial,CL:0000125,#b10da1,
ependymal cell,Dnah3,CL:0000065,glial,CL:0000125,#b10da1,https://www.nature.com/articles/s41586-023-06812-z
ependymal cell,Sntn,CL:0000065,glial,CL:0000125,#b10da1,