Well	barcode
Round1_01	AACGTGAT
Round1_02	AAACATCG
Round1_03	ATGCCTAA
Round1_04	AGTGGTCA
Round1_05	ACCACTGT
Round1_06	ACATTGGC
Round1_07	CAGATCTG
Round1_08	CATCAAGT
Round1_09	CGCTGATC
Round1_10	ACAAGCTA
Round1_11	CTGTAGCC
Round1_12	AGTACAAG
Round1_13	AACAACCA
Round1_14	AACCGAGA
Round1_15	AACGCTTA
Round1_16	AAGACGGA
Round1_17	AAGGTACA
Round1_18	ACACAGAA
Round1_19	ACAGCAGA
Round1_20	ACCTCCAA
Round1_21	ACGCTCGA
Round1_22	ACGTATCA
Round1_23	ACTATGCA
Round1_24	AGAGTCAA
Round1_25	AGATCGCA
Round1_26	AGCAGGAA
Round1_27	AGTCACTA
Round1_28	ATCCTGTA
Round1_29	ATTGAGGA
Round1_30	CAACCACA
Round1_31	GACTAGTA
Round1_32	CAATGGAA
Round1_33	CACTTCGA
Round1_34	CAGCGTTA
Round1_35	CATACCAA
Round1_36	CCAGTTCA
Round1_37	CCGAAGTA
Round1_38	CCGTGAGA
Round1_39	CCTCCTGA
Round1_40	CGAACTTA
Round1_41	CGACTGGA
Round1_42	CGCATACA
Round1_43	CTCAATGA
Round1_44	CTGAGCCA
Round1_45	CTGGCATA
Round1_46	GAATCTGA
Round1_47	CAAGACTA
Round1_48	GAGCTGAA
Round1_49	GATAGACA
Round1_50	GCCACATA
Round1_51	GCGAGTAA
Round1_52	GCTAACGA
Round1_53	GCTCGGTA
Round1_54	GGAGAACA
Round1_55	GGTGCGAA
Round1_56	GTACGCAA
Round1_57	GTCGTAGA
Round1_58	GTCTGTCA
Round1_59	GTGTTCTA
Round1_60	TAGGATGA
Round1_61	TATCAGCA
Round1_62	TCCGTCTA
Round1_63	TCTTCACA
Round1_64	TGAAGAGA
Round1_65	TGGAACAA
Round1_66	TGGCTTCA
Round1_67	TGGTGGTA
Round1_68	TTCACGCA
Round1_69	AACTCACC
Round1_70	AAGAGATC
Round1_71	AAGGACAC
Round1_72	AATCCGTC
Round1_73	AATGTTGC
Round1_74	ACACGACC
Round1_75	ACAGATTC
Round1_76	AGATGTAC
Round1_77	AGCACCTC
Round1_78	AGCCATGC
Round1_79	AGGCTAAC
Round1_80	ATAGCGAC
Round1_81	ATCATTCC
Round1_82	ATTGGCTC
Round1_83	CAAGGAGC
Round1_84	CACCTTAC
Round1_85	CCATCCTC
Round1_86	CCGACAAC
Round1_87	CCTAATCC
Round1_88	CCTCTATC
Round1_89	CGACACAC
Round1_90	CGGATTGC
Round1_91	CTAAGGTC
Round1_92	GAACAGGC
Round1_93	GACAGTGC
Round1_94	GAGTTAGC
Round1_95	GATGAATC
Round1_96	GCCAAGAC
Round1_97	CTACCAGT
Round1_98	GTTGGAGC
Round1_99	TCTTACGC
Round1_101	GAGAATCC
Round1_106	GATCTACT
Round1_107	TTAAGACT
Round1_109	GACTTCAG
Round1_112	TCAATAGG
Round1_114	TACTGCCT
Round1_116	CATTCTCC
Round1_119	CATATTAG
Round1_121	TATGCAAT
Round1_123	TACGGAAC
Round1_124	ATCCGGAT
Round1_126	AGGTCCGT
Round1_130	TTAACCTT
Round1_133	TGATACCA
Round1_135	GAAGCTAG
Round1_137	AGAAGGTT
Round1_139	TAACTTGC
Round1_141	GATTCCTG
Round1_142	CGCCAACC
Round1_144	AACGCCGG
Round1_145	TATGCTTG
Round1_148	GCCGTCAT
Round1_150	GCGAGATT
Round1_155	TTGCTAGA
Round1_157	GCGGTTGG
Round1_160	TCGATAAT
Round1_168	TTCGACGG
Round1_175	CTCTCTAT
Round1_178	CCATGACT
Round1_179	CCTGGTCT
Round1_182	TTGCCGAC
Round1_183	GACCGTTG
Round1_184	GTTAGCAT
Round1_189	CTTATCCG
Round1_195	TGCCGCTT
Round1_197	AATCGCAT
Round1_199	CCTAGAGG
Round1_201	GCTGCCAG
Round1_202	ATTACCGT
Round1_206	GGCTCTGC
Round1_207	ATAATACG
Round1_213	TCAGAATG
Round1_225	TAACGGTC
Round1_229	GGCCATAG
Round1_230	ACTCTTAG
Round1_233	GCATATGG
Round1_400	AGAGCATC
Round1_236	TCGCAGCC
Round1_244	ACTCAATT
Round1_245	TATAGGTT
Round1_246	GTATACTC
Round1_248	AGGCCTCC
Round1_251	GTTGCGCG
Round1_256	GCGGCTCA
Round1_258	CCGGTACC
Round1_263	TCAGGTAC
Round1_264	GGAATTGG
Round1_401	TGTATCGC
Round1_402	CTCAAGTG
Round1_267	TGGTAATG
Round1_269	ACGAATTG
Round1_280	TAATGCAG
Round1_284	GTTATGCC
Round1_293	GTAGGAAT
Round1_403	GACCAACG
Round1_296	GGACGCTG
Round1_318	CGGTCGAG
Round1_338	TCGTCGGC
Round1_339	CGTATGCT
Round1_404	CAATTAAG
Round1_346	GGATTAGT
Round1_348	GGAATCTC
Round1_349	CTGGACGC
Round1_350	GTTCAGCT
Round1_370	TTAACTAG
Round1_376	TTACTCCT
Round1_379	ATCTGCAG
Round1_380	GATTCGAT
Round1_385	CGTGATAA
Round1_386	GGCGAAGT
Round1_387	CTAGGTGT
Round1_388	AATGACCT
Round1_389	CATTAGTG
Round1_390	ACCTGTGG
Round1_391	GTAGCACC
Round1_392	CGTCGTAT
Round1_393	CGAGAGAT
Round1_394	CTGCATGT
Round1_395	TCAGTGCT
Round1_396	ACGTCATG
Round1_397	TCGATGTG
Round1_398	TCTGATCG
Round1_399	CACTACAC